,City Name,Cloudiness,Country,Date,Humidity,Lat,Lng,Max Temp,Wind Speed
0,Cherskiy,76,RU,1536907595,59,68.75,161.3,45.2,2.57
1,Dikson,64,RU,1536907595,99,73.51,80.55,38.99,19.46
2,Cape Town,75,ZA,1536904800,93,-33.93,18.42,53.6,9.17
3,Ribeira Grande,75,PT,1536906600,83,38.52,-28.7,73.4,6.93
4,Vaini,8,IN,1536907596,82,15.34,74.49,80.66,3.69
5,Benjamin Aceval,90,PY,1536904800,93,-24.97,-57.57,66.2,2.8
6,Saint Anthony,1,US,1536904560,6,43.97,-111.68,57.92,3.02
7,Barrow,0,AR,1536907416,93,-38.31,-60.23,49.79,8.61
8,Avarua,75,CK,1536904800,77,-21.21,-159.78,69.8,3.36
9,Kudahuvadhoo,12,MV,1536907597,100,2.67,72.89,81.2,9.62
10,Mehamn,75,NO,1536904200,100,71.03,27.85,48.2,5.82
11,Beringovskiy,92,RU,1536907625,100,63.05,179.32,50.24,17.67
12,Rikitea,88,PF,1536907625,100,-23.12,-134.97,73.82,10.29
13,Ushuaia,20,AR,1536904800,69,-54.81,-68.31,39.2,20.8
14,Mataura,8,NZ,1536907626,58,-46.19,168.86,57.08,12.75
15,Nikolskoye,0,RU,1536904800,87,59.7,30.79,53.6,13.42
16,Porto Nacional,36,BR,1536907626,80,-10.7,-48.41,70.67,3.02
17,Peniche,20,PT,1536906600,88,39.36,-9.38,62.6,4.7
18,Padang,12,ID,1536907627,100,-0.92,100.36,79.4,4.7
19,Mar del Plata,0,AR,1536907627,57,-46.43,-67.52,52.49,22.03
20,Punta Arenas,75,CL,1536904800,93,-53.16,-70.91,39.2,8.05
21,Provideniya,90,RU,1536903000,93,64.42,-173.23,46.4,8.95
22,Atasu,0,KZ,1536907628,57,48.68,71.64,63.29,4.36
23,Castro,32,CL,1536907629,98,-42.48,-73.76,35.84,2.13
24,Najran,0,SA,1536904800,22,17.54,44.22,89.6,4.14
25,Qaanaaq,0,GL,1536907630,100,77.48,-69.36,24.23,6.15
26,Butaritari,80,KI,1536907630,100,3.07,172.79,85.25,10.63
27,Kulhudhuffushi,0,MV,1536907630,100,6.62,73.07,83.99,7.94
28,Alofi,64,NU,1536904800,88,-19.06,-169.92,71.6,12.75
29,Lebu,44,ET,1536907631,80,8.96,38.73,61.67,3.58
30,Mumford,80,GH,1536907631,96,5.26,-0.76,73.64,7.94
31,Dindori,8,IN,1536907631,79,22.94,81.08,80.93,6.71
32,Thompson,90,CA,1536904800,93,55.74,-97.86,42.8,13.87
33,Albany,75,US,1536904440,89,42.65,-73.75,66.02,2.57
34,Kununurra,75,AU,1536904800,19,-15.77,128.74,98.6,8.05
35,Bukachacha,92,RU,1536907633,100,52.99,116.91,45.29,3.8
36,Bambanglipuro,48,ID,1536907633,60,-7.95,110.28,80.84,7.16
37,Ketchikan,90,US,1536904560,79,55.34,-131.65,51.98,4.59
38,Xian,40,ES,1536906600,100,42.76,-8.49,62.6,4.7
39,Kamina,24,CD,1536907634,85,-8.74,25.0,70.22,4.59
40,Cap Malheureux,40,MU,1536904800,61,-19.98,57.61,77.0,13.87
41,Dong Xoai,88,VN,1536907634,94,11.53,106.92,77.06,5.03
42,Cabo San Lucas,0,MX,1536907635,100,22.89,-109.91,84.17,8.05
43,Mahebourg,40,MU,1536904800,61,-20.41,57.7,77.0,13.87
44,Belgrade,0,RS,1536906600,72,44.82,20.46,66.2,3.36
45,Yellowknife,90,CA,1536904800,100,62.45,-114.38,32.0,6.93
46,Port Hardy,40,CA,1536904800,93,50.7,-127.42,51.8,2.24
47,Uglegorskiy,0,RU,1536907636,29,48.24,41.25,75.53,5.93
48,Leshukonskoye,92,RU,1536907636,90,64.9,45.76,51.59,5.7
49,East London,0,ZA,1536904800,63,-33.02,27.91,60.8,9.17
50,Beloha,0,MG,1536907637,48,-25.17,45.06,74.72,4.7
51,Victoria,90,BN,1536906600,74,5.28,115.24,87.8,4.7
52,Arraial do Cabo,0,BR,1536907638,92,-22.97,-42.02,68.87,22.03
53,Port Elizabeth,90,US,1536906120,100,39.31,-74.98,71.96,8.05
54,Chokurdakh,88,RU,1536907638,95,70.62,147.9,39.71,13.65
55,Sturgeon Bay,1,US,1536904560,96,44.83,-87.38,60.98,5.82
56,Hobart,0,AU,1536904800,52,-42.88,147.33,69.8,18.34
57,Khatanga,0,RU,1536907639,99,71.98,102.47,45.02,5.37
58,Kruisfontein,0,ZA,1536907639,92,-34.0,24.73,59.51,18.9
59,Saint George,0,GR,1536906000,60,39.45,22.34,71.6,4.7
60,Atuona,12,PF,1536907640,100,-9.8,-139.03,79.4,17.78
61,Torbay,90,CA,1536905820,100,47.66,-52.73,51.8,11.41
62,Aklavik,20,CA,1536904800,86,68.22,-135.01,26.6,6.93
63,Port Alfred,0,ZA,1536907641,92,-33.59,26.89,60.77,7.94
64,Zyryanka,92,RU,1536907641,95,65.73,150.89,37.82,6.6
65,Broome,0,GB,1536906000,76,52.47,1.45,55.4,6.93
66,Pevek,92,RU,1536907642,90,69.7,170.27,48.62,9.06
67,Muros,40,ES,1536906600,100,42.77,-9.06,60.8,4.7
68,Jamestown,80,AU,1536907643,22,-33.21,138.6,76.79,21.03
69,Saskylakh,0,RU,1536907643,74,71.97,114.09,48.26,6.82
70,Busselton,36,AU,1536907643,100,-33.64,115.35,58.34,19.46
71,Clyde River,90,CA,1536904800,100,70.47,-68.59,33.8,9.17
72,Hithadhoo,80,MV,1536907644,100,-0.6,73.08,82.82,14.2
73,Tazmalt,40,DZ,1536904800,88,36.39,4.4,71.6,5.82
74,Klyuchi,8,RU,1536907645,48,52.25,79.17,65.36,19.8
75,San Juan,0,AR,1536907646,89,-31.54,-68.53,46.19,4.92
76,Tasiilaq,92,GL,1536904200,86,65.61,-37.64,39.2,1.12
77,Sibu,75,MY,1536904800,59,2.29,111.83,89.6,6.93
78,Hilo,75,US,1536904560,81,19.71,-155.08,78.08,4.7
79,Usinsk,92,RU,1536907647,100,66.0,57.56,49.97,6.93
80,Marawi,76,PH,1536907647,97,8.0,124.29,70.31,6.82
81,Paka,0,HR,1536906600,82,45.29,18.06,64.4,4.7
82,Saint-Pierre,90,FR,1536906600,82,48.95,4.24,59.0,8.05
83,Puerto Ayora,68,EC,1536907649,100,-0.74,-90.35,70.22,10.63
84,Lompoc,1,US,1536906900,81,34.64,-120.46,57.02,8.39
85,Bredasdorp,100,ZA,1536904800,67,-34.53,20.04,57.2,5.82
86,Chihuahua,0,MX,1536907437,68,28.66,-106.08,53.39,3.13
87,Samarai,92,PG,1536907650,100,-10.62,150.67,77.69,16.22
88,Sistranda,75,NO,1536906000,81,63.73,8.83,50.0,12.75
89,Banda Aceh,44,ID,1536907650,75,5.56,95.32,84.8,4.47
90,Ewo,64,CG,1536907651,97,-0.88,14.81,70.58,4.36
91,Ancud,36,CL,1536907651,79,-41.87,-73.83,38.27,2.46
92,Bonavista,48,CA,1536907376,100,48.65,-53.11,53.3,17.11
93,Bambous Virieux,40,MU,1536904800,61,-20.34,57.76,77.0,13.87
94,Carnduff,92,CA,1536907652,85,49.17,-101.8,53.12,6.04
95,San Patricio,92,PY,1536907652,98,-26.98,-56.83,63.74,5.03
96,Vostok,0,RU,1536907653,76,46.45,135.83,63.11,4.7
97,Ornskoldsvik,0,SE,1536906000,81,63.29,18.72,48.2,3.36
98,Norman Wells,90,CA,1536904800,59,65.28,-126.83,37.4,8.05
99,Tuktoyaktuk,12,CA,1536907654,100,69.44,-133.03,29.99,11.41
100,Palmer,0,AU,1536904800,20,-34.85,139.16,77.0,16.11
101,Wanaka,0,NZ,1536907496,58,-44.7,169.14,52.22,2.57
102,Craig,1,US,1536906900,9,40.52,-107.55,55.04,6.6
103,Teya,75,MX,1536904020,88,21.05,-89.07,78.8,9.17
104,Waipawa,0,NZ,1536907655,68,-39.94,176.59,57.35,11.41
105,Flin Flon,44,CA,1536907656,100,54.77,-101.88,40.52,7.94
106,Amapa,20,HN,1536904800,88,15.09,-87.97,80.6,3.36
107,Galle,1,US,1536904680,96,29.74,-97.91,75.2,6.93
108,Cidreira,92,BR,1536907656,92,-30.17,-50.22,62.3,10.18
109,Kapaa,90,US,1536904560,90,22.08,-159.32,78.08,19.46
110,Muli,0,IN,1536907657,57,22.62,71.45,89.84,11.18
111,Ficarazzi,75,IT,1536906000,78,37.56,15.13,73.4,5.82
112,Vila Velha,0,BR,1536904800,78,-3.71,-38.6,77.0,13.87
113,Lasa,40,CY,1536906600,54,34.92,32.53,82.4,11.41
114,Souillac,0,FR,1536906600,82,45.6,-0.6,62.6,5.82
115,Ilo,32,PE,1536907658,100,-17.65,-71.34,50.96,2.35
116,Port Lincoln,0,AU,1536907659,78,-34.72,135.86,63.74,14.32
117,Evensk,48,RU,1536907659,92,61.92,159.24,51.14,9.51
118,Kargasok,92,RU,1536907659,98,59.06,80.87,52.58,10.74
119,Tiksi,0,RU,1536907659,80,71.64,128.87,46.01,4.14
120,Burnie,0,AU,1536907660,85,-41.05,145.91,57.35,20.92
121,Pacific Grove,1,US,1536906900,72,36.62,-121.92,59.0,4.7
122,Upington,0,ZA,1536904800,34,-28.46,21.24,50.0,2.24
123,Euclides da Cunha,92,BR,1536907661,89,-10.51,-39.01,66.89,6.93
124,Suez,0,EG,1536907661,69,29.97,32.54,75.53,4.14
125,Vernon,90,CA,1536904800,76,50.27,-119.27,48.2,2.24
126,Ust-Omchug,36,RU,1536907662,55,61.13,149.63,42.95,3.58
127,Aykhal,32,RU,1536907663,66,65.95,111.51,44.03,4.92
128,Altamira,68,BR,1536907663,99,-3.2,-52.21,71.84,3.13
129,Ingham,8,AU,1536907663,86,-18.65,146.16,73.64,11.3
130,Krasnyy Yar,0,RU,1536907664,28,50.7,44.73,73.64,4.47
131,Washougal,40,US,1536906540,96,45.58,-122.35,59.0,3.36
132,Tocopilla,64,CL,1536907664,100,-22.09,-70.2,52.04,1.45
133,Dhidhdhoo,0,MV,1536907665,100,6.88,73.1,83.99,7.94
134,Kodiak,1,US,1536904380,100,39.95,-94.76,68.0,3.36
135,Sukpak,8,RU,1536907665,56,51.65,94.27,51.14,3.91
136,Emerald,0,AU,1536907666,27,-23.53,148.16,85.07,7.94
137,Plettenberg Bay,0,ZA,1536907666,100,-34.05,23.37,58.52,16.78
138,Turukhansk,12,RU,1536907667,73,65.8,87.96,43.85,22.93
139,Katangli,32,RU,1536907667,72,51.71,143.23,61.31,5.14
140,Seminole,1,US,1536905700,85,32.72,-102.64,68.18,5.82
141,La Asuncion,64,EC,1536907668,100,-1.64,-78.74,45.2,0.89
142,Chachapoyas,0,PE,1536907668,80,-6.23,-77.87,52.85,2.13
143,Severodvinsk,75,RU,1536904800,93,64.56,39.82,53.6,6.71
144,Klaksvik,92,FO,1536906000,86,62.23,-6.59,41.0,5.82
145,Rome,0,IT,1536906000,88,41.89,12.48,69.8,4.7
146,Nelson Bay,0,AU,1536904800,53,-32.72,152.14,77.0,13.87
147,Bluff,0,AU,1536907670,26,-23.58,149.07,85.07,9.17
148,Alepe,40,CI,1536906600,88,5.5,-3.66,77.0,8.05
149,Airai,64,TL,1536907670,37,-8.93,125.41,84.71,1.45
150,Santa Cruz,1,US,1536906900,72,36.97,-122.03,60.98,4.7
151,Mao,20,DO,1536904800,100,19.55,-71.08,77.0,4.7
152,Kaitangata,44,NZ,1536907672,56,-46.28,169.85,57.35,14.76
153,Sao Joao da Barra,0,BR,1536907490,100,-21.64,-41.05,72.02,19.46
154,Adrar,36,DZ,1536904800,38,27.87,-0.29,77.0,6.93
155,Ankara,20,TR,1536906000,59,39.92,32.85,64.4,8.05
156,Pisco,0,PE,1536904800,87,-13.71,-76.2,60.8,8.05
157,Grand Gaube,40,MU,1536904800,61,-20.01,57.66,77.0,13.87
158,Mount Gambier,20,AU,1536907674,56,-37.83,140.78,65.9,10.85
159,Yar-Sale,92,RU,1536907674,100,66.83,70.83,49.7,8.95
160,Tucuman,0,PE,1536907675,70,-17.17,-70.89,46.64,1.9
161,Pucallpa,40,PE,1536904800,94,-8.38,-74.54,77.0,1.34
162,Deputatskiy,24,RU,1536907675,64,69.3,139.9,41.51,8.39
163,Whitehorse,75,CA,1536904800,75,60.72,-135.06,44.6,5.82
164,Hoopstad,0,ZA,1536907676,85,-27.83,25.91,52.49,3.13
165,Chuy,64,UY,1536907676,98,-33.69,-53.46,57.17,9.73
166,Houma,92,CN,1536907676,76,35.63,111.36,68.42,2.46
167,Kutum,32,SD,1536907677,77,14.2,24.66,71.12,4.36
168,Sinazongwe,0,ZM,1536907677,48,-17.26,27.46,74.72,2.35
169,Ulaanbaatar,0,MN,1536906600,31,47.92,106.92,46.4,11.18
170,Port Blair,80,IN,1536907677,100,11.67,92.75,81.47,14.2
171,Islahiye,75,TR,1536904200,47,37.03,36.63,77.0,12.75
172,Longyearbyen,75,NO,1536906000,100,78.22,15.63,32.0,5.82
173,Xichang,80,CN,1536907679,96,27.88,102.25,61.04,1.9
174,Paranaiba,48,BR,1536907679,93,-19.68,-51.19,66.89,7.94
175,Half Moon Bay,90,US,1536907200,93,37.46,-122.43,60.98,8.05
176,Lata,8,IN,1536907680,95,30.78,78.62,63.92,1.9
177,Srimushnam,20,IN,1536907680,71,11.4,79.42,88.85,8.72
178,Te Anau,12,NZ,1536907680,69,-45.41,167.72,49.52,8.5
179,New Norfolk,0,AU,1536904800,57,-42.78,147.06,69.8,18.34
180,Geraldton,20,CA,1536904800,82,49.72,-86.95,62.6,10.29
181,Goryachegorsk,44,RU,1536907681,70,55.41,88.92,49.7,12.64
182,Sept-Iles,5,CA,1536904800,93,50.2,-66.38,55.4,3.36
183,Veraval,0,FR,1536906600,100,49.65,0.71,57.2,1.12
184,Necochea,0,AR,1536907682,97,-38.55,-58.74,42.68,3.91
185,Edd,8,ER,1536907683,22,13.93,41.69,93.89,1.68
186,Kurilsk,92,RU,1536907683,91,45.23,147.88,60.14,11.3
187,Miraflores,88,CO,1536907683,97,5.2,-73.14,51.23,2.13
188,Esperance,20,TT,1536904800,88,10.24,-61.45,78.8,6.15
189,Coquimbo,90,CL,1536904800,81,-29.95,-71.34,53.6,2.24
190,Mbulu,12,TZ,1536907684,84,-3.86,35.54,65.54,9.73
191,Tutoia,0,BR,1536907685,73,-2.76,-42.27,77.06,16.67
192,Atar,0,MR,1536907685,83,20.52,-13.05,70.85,2.57
193,Dawson Creek,1,CA,1536904800,92,55.76,-120.23,24.8,3.36
194,Ler,75,NO,1536906000,87,63.2,10.3,50.0,3.36
195,Filingue,8,NE,1536907686,82,14.35,3.32,75.08,9.95
196,Khani,75,GE,1536906600,51,41.96,42.96,82.4,18.34
197,Ostrovnoy,88,RU,1536907686,100,68.05,39.51,46.19,4.7
198,Limoncito,90,BO,1536904800,78,-18.03,-63.4,75.2,11.41
199,Ilulissat,24,GL,1536904200,74,69.22,-51.1,30.2,4.47
200,Lavrentiya,88,RU,1536907687,95,65.58,-170.99,49.34,17.45
201,Pangkalanbuun,8,ID,1536907688,49,-2.68,111.62,92.0,8.72
202,Cayenne,20,GF,1536904800,100,4.94,-52.33,73.4,2.24
203,Chingola,0,ZM,1536907688,37,-12.55,27.86,70.85,8.95
204,Chara,0,GR,1536906000,60,39.42,22.43,71.6,4.7
205,Guerrero Negro,0,MX,1536907689,100,27.97,-114.04,67.97,6.93
206,Sorong,68,ID,1536907689,100,-0.86,131.25,82.19,9.4
207,Kukmor,0,RU,1536907689,77,56.19,50.9,58.16,12.75
208,Liancheng,80,CN,1536907690,94,24.05,105.06,69.14,3.91
209,Mezen,48,RU,1536907690,87,65.85,44.24,50.15,4.47
210,Karratha,0,AU,1536907690,9,-20.74,116.85,97.49,6.71
211,Marystown,0,CA,1536907691,99,47.17,-55.16,56.54,12.75
212,San Policarpo,92,PH,1536907691,100,12.18,125.51,78.32,23.94
213,Datong,64,CN,1536907691,94,40.09,113.3,63.38,4.7
214,Srednekolymsk,92,RU,1536907692,85,67.46,153.71,37.55,3.58
215,Plavsk,92,RU,1536907692,89,53.71,37.29,57.08,4.7
216,Hambantota,36,LK,1536907692,90,6.12,81.12,83.63,12.3
217,Wajir,75,KE,1536904800,65,1.75,40.07,80.6,10.29
218,Izberbash,0,RU,1536904800,69,42.57,47.86,75.2,22.37
219,Merauke,92,ID,1536907693,69,-8.49,140.4,84.89,19.13
220,Sorland,75,NO,1536906000,93,67.67,12.69,50.0,2.24
221,Katsuura,75,JP,1536904800,83,33.93,134.5,80.6,8.05
222,Senahu,76,GT,1536907694,93,15.42,-89.82,69.59,1.68
223,Yarada,24,IN,1536907694,100,17.65,83.27,83.54,15.21
224,Fergus Falls,90,US,1536905820,88,46.28,-96.08,73.94,3.36
225,Iqaluit,40,CA,1536904800,86,63.75,-68.52,30.2,4.7
226,Hermanus,36,ZA,1536907695,80,-34.42,19.24,53.57,7.27
227,Dickinson,1,US,1536904560,76,46.88,-102.79,51.98,4.7
228,Shu,0,KZ,1536907696,24,43.6,73.76,69.41,16.22
229,Bud,75,NO,1536906000,76,62.91,6.91,50.0,12.75
230,Inhambane,20,MZ,1536904800,78,-23.87,35.38,73.4,11.41
231,Porto Novo,20,BR,1536904800,93,-23.68,-45.44,60.8,2.24
232,Camacha,40,PT,1536906600,83,33.08,-16.33,69.8,8.05
233,Hami,0,CN,1536907697,84,42.84,93.51,58.25,3.13
234,Lamar,1,US,1536904380,50,38.09,-102.62,75.92,25.28
235,Rocha,76,UY,1536907698,96,-34.48,-54.34,54.56,6.04
236,Ales,0,FR,1536906600,73,44.13,4.08,73.4,5.82
237,Gwadar,0,PK,1536907699,88,25.12,62.33,82.1,3.69
238,Abnub,0,EG,1536907699,47,27.27,31.15,78.32,5.7
239,Kawalu,8,ID,1536907699,58,-7.38,108.21,78.59,2.68
240,Pokhara,24,NP,1536907699,73,28.21,83.99,71.03,2.35
241,Almeirim,20,PT,1536906600,88,39.21,-8.63,62.6,4.7
242,Naifaru,24,MV,1536907700,99,5.44,73.37,84.17,8.95
243,Novo Aripuana,12,BR,1536907701,90,-5.12,-60.38,76.52,2.13
244,Eureka,1,US,1536906900,100,40.8,-124.16,50.0,4.7
245,Mangalia,0,RO,1536906600,60,43.8,28.58,73.4,13.87
246,Berlevag,75,NO,1536904200,100,70.86,29.09,48.2,5.82
247,Sao Filipe,68,CV,1536907702,100,14.9,-24.5,75.89,6.38
248,Muncar,0,ID,1536907702,78,-8.43,114.34,79.94,6.82
249,Georgetown,20,GY,1536904800,100,6.8,-58.16,71.6,4.7
250,Rapid Valley,1,US,1536905700,81,44.06,-103.15,62.24,3.36
251,Ondjiva,0,AO,1536907703,44,-17.07,15.73,57.17,3.8
252,Safranbolu,40,TR,1536904200,77,41.25,32.69,66.2,6.93
253,Sitka,0,US,1536907703,62,37.17,-99.65,77.69,16.78
254,Kisangani,44,CD,1536907704,100,0.52,25.21,70.22,2.57
255,Tual,64,ID,1536907704,97,-5.67,132.75,81.02,13.42
256,Yatou,90,CM,1536904800,100,3.63,9.81,73.4,3.36
257,Upernavik,56,GL,1536907705,100,72.79,-56.15,35.57,2.68
258,Saint-Philippe,1,CA,1536906900,100,45.36,-73.48,64.4,4.7
259,Hay River,75,CA,1536904800,76,60.82,-115.79,32.0,6.38
260,Boca do Acre,8,BR,1536907705,89,-8.76,-67.39,77.69,3.36
261,Inuvik,20,CA,1536904800,86,68.36,-133.71,26.6,6.93
262,Dingle,92,PH,1536907706,100,11.0,122.67,74.63,17.22
263,Saryg-Sep,0,RU,1536907706,40,51.49,95.55,49.25,3.8
264,Anchorage,1,US,1536904560,82,61.22,-149.89,53.96,1.68
265,Isiro,12,CD,1536907707,92,2.77,27.62,71.57,2.91
266,Magistralnyy,92,RU,1536907707,70,56.17,107.45,43.4,7.94
267,Caravelas,36,BR,1536907707,100,-17.73,-39.27,73.37,11.18
268,Maumere,12,ID,1536907708,95,-8.63,122.22,83.9,5.7
269,Lagoa,0,PT,1536906600,94,37.14,-8.45,69.8,5.82
270,Ambulu,8,ID,1536907708,88,-8.35,113.61,79.13,9.4
271,Shingu,75,JP,1536904800,83,33.72,135.99,77.0,3.36
272,Nguruka,44,TZ,1536907530,39,-5.11,31.04,74.18,6.15
273,Kloulklubed,75,PW,1536904200,70,7.04,134.26,86.0,9.17
274,Shache,92,CN,1536907709,76,38.42,77.24,56.81,7.94
275,Dubti,8,ET,1536907668,21,11.74,41.09,92.99,4.03
276,Beckley,1,US,1536905700,96,37.78,-81.19,68.0,3.58
277,Ternate,90,PH,1536904800,100,14.29,120.72,84.2,18.34
278,Kitimat,20,CA,1536904800,66,54.02,-128.69,42.8,3.36
279,Araouane,0,ML,1536907711,34,18.9,-3.53,75.89,2.68
280,North Bend,90,US,1536906300,100,43.41,-124.22,55.4,1.45
281,Cocobeach,75,GA,1536904800,88,1.01,9.58,75.2,9.17
282,Namtsy,44,RU,1536907712,61,62.72,129.66,50.87,7.94
283,Mantua,20,IT,1536906000,94,45.16,10.79,69.8,1.12
284,Tambacounda,75,SN,1536904800,94,13.77,-13.67,75.2,2.24
285,Sur,0,OM,1536907712,92,22.57,59.53,84.35,1.9
286,Tucumcari,1,US,1536904380,55,35.17,-103.73,75.02,17.22
287,Grande Prairie,5,CA,1536904800,92,55.17,-118.79,23.0,4.7
288,Omsukchan,64,RU,1536907713,55,62.53,155.8,37.64,9.62
289,La Union,92,GT,1536907714,100,14.97,-89.29,67.07,2.35
290,Saint-Louis,75,CH,1536906600,100,47.59,7.56,60.8,3.36
291,Erzin,20,TR,1536906000,58,36.95,36.2,82.4,9.17
292,Bubaque,20,GW,1536904800,94,11.28,-15.83,77.0,4.25
293,Touros,0,BR,1536907715,85,-5.2,-35.46,73.55,15.99
294,Weiser,1,US,1536904380,58,44.25,-116.97,51.08,2.8
295,Tessalit,0,ML,1536907715,29,20.2,1.01,74.0,3.02
296,Madimba,90,CM,1536904800,100,4.42,9.93,73.4,3.36
297,Saint-Francois,75,FR,1536906600,87,46.42,3.91,60.8,3.36
298,Chapais,1,CA,1536904800,93,49.78,-74.86,60.8,2.24
299,Havoysund,75,NO,1536906000,93,71.0,24.66,48.2,4.7
300,Yaan,92,NG,1536907717,98,7.38,8.57,73.1,6.71
301,Bethel,1,US,1536904380,74,60.79,-161.76,55.94,4.7
302,Okato,0,NZ,1536907718,91,-39.19,173.88,56.54,10.18
303,Portland,40,US,1536906540,96,45.52,-122.67,59.0,3.36
304,Maluso,90,PH,1536904800,88,6.54,121.88,80.6,9.17
305,Kavieng,24,PG,1536907718,100,-2.57,150.8,83.72,2.35
306,Feldkirchen an der Donau,75,AT,1536906000,88,48.34,14.05,64.4,1.12
307,Hamilton,40,CA,1536904800,93,43.26,-79.87,69.8,8.05
308,Bumba,8,CD,1536907720,94,2.18,22.47,73.55,4.7
309,Kristiansund,75,NO,1536906000,71,63.12,7.73,50.0,17.22
310,Verkhnevilyuysk,68,RU,1536907720,71,63.45,120.31,47.0,5.37
311,Linxia,92,CN,1536907699,100,35.6,103.21,42.14,5.48
312,Hualmay,24,PE,1536907721,90,-11.1,-77.61,52.4,5.03
313,Ugoofaaru,24,MV,1536907721,99,5.67,73.0,84.17,8.95
314,Turinsk,68,RU,1536907722,61,58.04,63.7,57.17,13.65
315,Wajima,75,JP,1536904800,78,37.4,136.9,75.2,5.82
316,Lubaczow,20,PL,1536906600,88,50.16,23.12,62.6,4.47
317,Gravelbourg,48,CA,1536907722,88,49.88,-106.56,46.37,4.03
318,Road Town,20,VG,1536904380,74,18.42,-64.62,82.94,19.46
319,Kosterevo,64,RU,1536907723,80,55.93,39.62,56.45,4.7
320,Taperoa,48,BR,1536907723,93,-7.21,-36.83,61.85,11.41
321,Doctor Mora,64,MX,1536907724,100,21.14,-100.32,52.31,2.35
322,Kalianget,8,ID,1536907724,63,-7.74,113.68,86.87,3.13
323,Watertown,1,US,1536905700,100,44.9,-97.12,75.02,8.05
324,Verkhnyaya Inta,88,RU,1536907725,93,65.99,60.32,49.7,5.7
325,Landeck,75,AT,1536906000,93,47.14,10.57,60.8,0.89
326,High Level,1,CA,1536904800,92,58.52,-117.13,26.6,2.35
327,Carnarvon,0,ZA,1536907726,67,-30.97,22.13,36.47,4.25
328,Kahului,20,US,1536904560,81,20.89,-156.47,80.06,17.22
329,San Ramon,68,NI,1536907727,92,12.92,-85.84,69.95,2.13
330,San Blas,92,MX,1536907727,95,21.54,-105.29,74.27,1.57
331,Daru,92,SL,1536907728,100,7.99,-10.85,68.06,4.59
332,Matay,0,EG,1536907728,50,28.42,30.79,78.5,9.95
333,Saldanha,0,PT,1536907728,88,41.42,-6.55,52.22,3.58
334,Richards Bay,88,ZA,1536907729,97,-28.77,32.06,65.09,1.45
335,Narsaq,92,GL,1536904200,86,60.91,-46.05,37.4,6.93
336,Tashla,40,RU,1536904800,77,53.71,49.75,60.8,2.24
337,Port Shepstone,80,ZA,1536907730,91,-30.74,30.45,65.18,5.59
338,Los Llanos de Aridane,20,ES,1536906600,88,28.66,-17.92,73.4,6.93
339,The Valley,75,AI,1536904800,83,18.22,-63.06,80.6,9.17
340,Bilma,0,NE,1536907730,38,18.69,12.92,71.57,3.24
341,Chicama,90,PE,1536904800,88,-7.84,-79.15,62.6,8.05
342,Smithers,1,CA,1536904800,61,54.78,-127.17,32.0,6.93
343,Todos Santos,0,MX,1536907731,98,23.45,-110.23,81.65,9.28
344,Lexington,1,US,1536904500,90,38.05,-84.5,69.98,3.02
345,Swan River,92,CA,1536907732,91,52.11,-101.27,50.42,2.91
346,Ponta do Sol,56,BR,1536907732,96,-20.63,-46.0,58.61,2.24
347,Tsiroanomandidy,0,MG,1536907733,49,-18.77,46.05,74.99,5.03
348,Porosozero,32,RU,1536907733,86,62.72,32.71,51.59,7.38
349,Dalhousie,68,IN,1536907733,64,32.54,75.98,65.09,1.68
350,Concepcion,88,CO,1536907734,96,9.56,-73.66,73.91,1.57
351,Ban Chang,75,TH,1536906600,66,12.72,101.05,84.2,9.17
352,Gamba,20,CN,1536907734,67,28.28,88.52,42.32,3.02
353,Codrington,0,AU,1536907735,65,-28.95,153.24,74.63,3.24
354,Mahibadhoo,68,MV,1536907735,100,3.78,72.97,80.48,5.82
355,Belyy Yar,0,RU,1536904800,51,53.6,91.39,59.0,17.9
356,Tripoli,40,GR,1536906000,64,37.51,22.37,69.8,4.7
357,Tunceli,75,TR,1536904200,73,39.11,39.55,69.8,13.87
358,At-Bashi,24,KG,1536907736,75,41.17,75.81,52.4,0.56
359,Alice Town,0,BS,1536907736,98,25.72,-79.3,84.44,8.16
360,Nishihara,75,JP,1536906600,73,35.74,139.53,77.0,2.24
361,Ribeira Brava,40,PT,1536906600,73,32.65,-17.07,69.8,8.05
362,Husavik,76,CA,1536907737,94,50.56,-96.99,56.18,10.18
363,Erenhot,68,CN,1536907737,51,43.65,111.97,66.8,15.99
364,Bukama,12,CD,1536907738,80,-9.2,25.85,73.01,4.14
365,Faanui,92,PF,1536907738,100,-16.48,-151.75,80.03,13.53
366,Kasama,12,ZM,1536907738,52,-10.21,31.19,70.22,6.71
367,Cascais,20,PT,1536906600,88,38.7,-9.42,62.6,4.7
368,Carutapera,0,BR,1536907739,82,-1.2,-46.02,78.59,12.19
369,Sambava,92,MG,1536907739,100,-14.27,50.17,72.92,15.55
370,Nanortalik,92,GL,1536907740,100,60.14,-45.24,35.93,6.26
371,Pangody,92,RU,1536907740,98,65.85,74.49,48.8,8.61
372,Straumen,75,NO,1536906000,87,63.87,11.3,44.6,3.36
373,Fortuna,20,ES,1536906600,94,38.18,-1.13,75.2,3.36
374,Fort Nelson,75,CA,1536904800,92,58.81,-122.69,28.4,2.24
375,Kutoarjo,44,ID,1536907741,80,-7.72,109.9,78.05,10.07
376,Surt,0,LY,1536907742,100,31.21,16.59,75.35,5.59
377,Bereda,40,ES,1536906600,93,43.27,-7.54,62.6,4.7
378,Shenjiamen,0,CN,1536907742,96,29.96,122.3,81.29,6.93
379,Obihiro,20,JP,1536904800,64,42.92,143.2,75.2,2.24
380,Buraydah,0,SA,1536904800,27,26.33,43.97,91.4,2.24
381,Chintamani,40,IN,1536906600,58,13.4,78.05,84.2,2.24
382,Warwick,75,US,1536906600,100,41.7,-71.42,66.92,2.35
383,Belmonte,0,PT,1536907744,78,40.36,-7.35,58.07,2.8
384,Kurumkan,0,RU,1536907744,75,54.33,110.32,35.84,3.58
385,Laguna,0,MX,1536907745,63,27.52,-110.01,83.99,2.35
386,Spearfish,1,US,1536906900,82,44.49,-103.86,59.0,8.05
387,Ust-Kut,92,RU,1536907745,100,56.78,105.75,36.2,5.14
388,Rietavas,75,LT,1536906000,77,55.72,21.93,59.0,2.24
389,Tacuarembo,76,UY,1536907746,92,-31.73,-55.98,59.6,10.63
390,Paraopeba,0,BR,1536904800,77,-19.28,-44.4,59.0,2.24
391,Kishanganj,92,IN,1536907746,100,26.1,87.95,75.89,5.7
392,Gat,40,SN,1536904800,94,14.69,-16.54,78.8,2.91
393,Pipri,92,IN,1536907747,100,24.21,83.02,72.74,7.38
394,Kulu,8,CD,1536907747,93,3.47,23.69,70.76,2.91
395,Baracoa,100,CU,1536907748,100,20.35,-74.5,81.47,11.41
396,Araioses,0,BR,1536907748,73,-2.89,-41.91,77.06,16.67
397,Hasaki,75,JP,1536906600,78,35.73,140.83,77.0,3.36
398,Murovane,8,UA,1536906600,88,50.41,24.11,62.6,4.47
399,Salalah,90,OM,1536904200,78,17.01,54.1,78.8,9.17
400,Severo-Kurilsk,36,RU,1536907749,84,50.68,156.12,55.91,7.61
401,Vao,0,EE,1536907749,81,59.1,26.19,54.74,7.94
402,Rafai,24,CF,1536907750,92,4.95,23.92,72.65,4.36
403,Rio Grande,76,BR,1536907750,96,-32.03,-52.1,60.32,6.93
404,Westport,75,IE,1536906600,100,53.8,-9.52,48.2,6.93
405,Cabo Frio,0,BR,1536907751,92,-22.88,-42.02,68.87,22.03
406,Amboasary,0,MG,1536904800,61,-25.04,46.38,78.8,5.59
407,La Ronge,90,CA,1536904800,100,55.1,-105.3,35.6,5.82
408,Pangnirtung,8,CA,1536907752,92,66.15,-65.72,31.43,15.77
409,Stokmarknes,75,NO,1536906000,93,68.56,14.91,48.2,2.24
410,Fare,92,PF,1536907752,98,-16.7,-151.02,79.58,12.41
411,Brus Laguna,20,HN,1536907728,91,15.75,-84.48,76.61,2.35
412,Haileybury,1,CA,1536904800,100,47.44,-79.64,57.2,2.24
413,Hofn,100,IS,1536907753,100,64.25,-15.21,45.38,6.93
414,Rumonge,44,BI,1536907753,95,-3.97,29.44,75.62,3.24
415,Maniitsoq,92,GL,1536907754,100,65.42,-52.9,37.64,3.91
416,Yagodnoye,88,RU,1536907754,67,62.52,149.63,39.35,2.91
417,Port Moresby,40,PG,1536904800,78,-9.47,147.16,80.6,18.34
418,Brae,75,GB,1536906000,87,60.4,-1.35,51.8,5.82
419,Evanston,1,US,1536905700,98,42.04,-87.69,66.92,5.03
420,Ranot,64,TH,1536907755,68,7.78,100.32,88.85,11.3
421,Wexford,40,US,1536905700,92,40.63,-80.06,71.6,3.36
422,Montepuez,0,MZ,1536907756,76,-13.13,39.0,71.66,4.59
423,Leningradskiy,92,RU,1536907756,89,69.38,178.42,44.3,19.69
424,Del Rio,1,US,1536904380,96,29.36,-100.9,75.02,2.91
425,Nome,1,US,1536905700,89,30.04,-94.42,78.98,4.7
426,Alyangula,0,AU,1536907757,81,-13.85,136.42,82.64,13.2
427,Tall Kayf,0,TR,1536904800,17,37.08,41.07,93.2,8.05
428,Ugento,40,IT,1536904500,88,39.93,18.16,75.2,3.36
429,Sindor,80,RU,1536907758,92,62.87,51.9,53.66,11.18
430,Copiapo,0,CL,1536904800,81,-27.37,-70.33,53.6,5.82
431,Chongwe,0,ZM,1536907758,32,-15.33,28.68,73.1,6.49
432,Patna,40,IN,1536906600,70,25.61,85.12,91.4,5.82
433,Busca,40,IT,1536904500,100,44.52,7.47,66.2,3.36
434,Coos Bay,90,US,1536906300,100,43.37,-124.22,55.4,1.45
435,Raudeberg,75,NO,1536906000,76,61.99,5.14,51.8,21.92
436,Dawei,92,MM,1536907760,100,14.07,98.19,72.65,2.35
437,Port Hedland,0,AU,1536906600,14,-20.31,118.58,95.0,17.22
438,Sitangkai,0,PH,1536907760,96,4.66,119.39,85.34,16.44
439,Lichinga,8,MZ,1536907761,74,-13.3,35.25,69.14,3.91
440,Sao Miguel do Araguaia,44,BR,1536907761,92,-13.28,-50.16,70.22,2.68
441,Moose Factory,1,CA,1536904800,88,51.26,-80.61,62.6,10.29
442,Vilyuysk,0,RU,1536907761,64,63.75,121.63,50.6,5.37
443,Igarka,12,RU,1536907762,70,67.47,86.57,43.94,25.5
444,Vicksburg,1,US,1536905700,100,32.35,-90.88,75.92,1.34
445,Okha,88,RU,1536907762,100,53.59,142.95,57.53,5.93
446,Vanavara,56,RU,1536907762,67,60.35,102.28,44.21,3.36
447,Panguna,92,PG,1536907763,87,-6.32,155.48,79.04,2.8
448,Kropotkin,68,RU,1536907763,39,45.43,40.58,74.45,13.65
449,Werda,90,DE,1536906600,87,50.44,12.3,57.2,3.36
450,Mount Isa,0,AU,1536906600,13,-20.73,139.49,89.6,9.17
451,Valdivia,0,CL,1536904800,93,-39.81,-73.25,41.0,3.36
452,Namibe,76,AO,1536907764,100,-15.19,12.15,64.82,1.68
453,Kurchatov,0,KZ,1536907764,40,50.75,78.54,68.87,13.53
454,Reims,90,FR,1536906600,82,49.26,4.03,59.0,8.05
455,Beyneu,0,KZ,1536907765,33,45.32,55.19,70.04,10.96
456,Polunochnoye,92,RU,1536907765,82,60.87,60.43,53.03,14.2
457,Gandai,0,IN,1536907766,68,21.67,81.1,88.22,6.49
458,Teguldet,92,RU,1536907766,100,57.31,88.17,50.69,11.18
459,Pitea,0,SE,1536906000,87,65.32,21.48,48.2,6.6
460,Monrovia,75,LR,1536906600,94,6.33,-10.8,73.4,4.59
461,Amambai,12,BR,1536907767,81,-23.11,-55.23,67.25,14.2
462,Remanso,0,BR,1536907767,94,-9.62,-42.08,72.92,19.35
463,Anaconda,90,US,1536904380,75,46.13,-112.94,42.08,2.13
464,Namatanai,76,PG,1536907768,100,-3.66,152.44,79.49,1.57
465,Saint Peter,20,US,1536906000,86,44.32,-93.96,73.04,8.05
466,Lae,75,PG,1536904800,69,-6.72,146.98,80.6,11.41
467,Ambon,90,FR,1536906600,87,47.55,-2.56,51.8,3.36
468,Vardo,90,US,1536905940,97,39.62,-77.74,73.94,3.36
469,Tuatapere,0,NZ,1536907769,80,-46.13,167.69,54.65,15.1
470,Felanitx,0,ES,1536906600,94,39.47,3.15,68.0,2.57
471,Chernyakhiv,64,UA,1536907770,87,50.46,28.67,66.62,4.47
472,Novobiryusinskiy,92,RU,1536907770,100,56.96,97.71,37.28,3.47
473,Kampot,92,KH,1536907770,90,10.62,104.18,79.04,5.7
474,Karlivka,12,UA,1536907771,65,49.46,35.11,69.23,5.7
475,Ayni,20,TJ,1536907771,51,39.39,68.54,58.7,1.68
476,Gorontalo,0,ID,1536907511,49,0.54,123.06,86.51,6.49
477,Polonnaruwa,0,LK,1536907771,77,7.94,81.0,89.12,4.59
478,Koster,0,ZA,1536904800,26,-25.86,26.9,60.8,2.24
479,Nova Olinda do Norte,8,BR,1536907772,86,-3.89,-59.1,78.14,3.8
480,Blyznyuky,76,UA,1536907772,43,48.86,36.56,71.75,5.37
481,Mirnyy,64,RU,1536907772,81,56.57,36.46,56.09,5.59
482,Santa Maria,92,BR,1536907774,100,-29.69,-53.81,60.77,3.8
483,Mogadishu,75,SO,1536904800,78,2.04,45.34,82.4,11.41
484,Fairbanks,1,US,1536904680,57,64.84,-147.72,52.88,5.82
485,Vila Franca do Campo,20,PT,1536906600,77,37.72,-25.43,69.8,4.7
486,Orangeburg,1,US,1536905700,71,33.49,-80.86,80.06,6.93
487,Golden,56,CA,1536907775,100,51.3,-116.96,27.2,1.12
488,Ismailia,0,EG,1536904800,69,30.6,32.27,78.8,3.36
489,Cairns,40,AU,1536904800,47,-16.92,145.77,80.6,19.46
490,San Andres,92,PH,1536907776,100,13.32,122.68,80.84,21.81
491,Beysehir,0,TR,1536907776,85,37.68,31.72,58.79,3.91
492,Chunskiy,92,RU,1536907776,100,56.08,99.63,37.55,3.36
493,Abu Dhabi,0,AE,1536904800,67,24.47,54.37,93.2,4.7
494,Kant,0,KG,1536907777,43,42.89,74.85,57.62,2.13
495,Goroka,92,PG,1536907777,96,-6.07,145.39,62.57,2.24
496,Bocas del Toro,80,PA,1536907777,100,9.33,-82.25,80.48,5.7
497,Anadyr,40,RU,1536904800,93,64.73,177.51,51.8,33.55
498,Hokitika,0,NZ,1536907778,94,-42.72,170.96,52.94,5.26
499,Lorengau,56,PG,1536907778,100,-2.02,147.27,83.54,7.27
500,Dzaoudzi,40,YT,1536904800,66,-12.79,45.27,84.2,3.36
501,Naze,64,NG,1536907779,95,5.43,7.07,72.2,2.01
502,Ahipara,48,NZ,1536907779,91,-35.17,173.16,54.74,7.61
503,Paragominas,24,BR,1536907779,92,-3.0,-47.35,70.67,3.8
504,San Cristobal,75,EC,1536904800,81,-0.39,-78.55,48.2,3.36
505,Paamiut,92,GL,1536907780,100,61.99,-49.67,37.55,4.59
506,Ivanava,0,BY,1536907780,67,52.14,25.53,61.94,7.05
507,Santa Cruz Cabralia,90,BR,1536905640,94,-16.28,-39.02,68.0,6.93
508,Altay,0,CN,1536907781,43,47.83,88.13,44.21,3.13
509,Lajeado,92,BR,1536907781,99,-29.47,-51.96,60.95,2.35
510,Javanrud,0,IR,1536904800,14,34.8,46.49,77.0,4.7
511,Nivala,0,FI,1536907782,84,63.93,24.96,50.33,6.6
512,Luderitz,0,NA,1536907782,89,-26.65,15.16,49.88,10.85
513,Rawson,0,AR,1536907783,61,-43.3,-65.11,39.62,2.68
514,Ostersund,0,SE,1536906000,81,63.18,14.64,46.4,3.36
515,Hanna,92,CA,1536907783,96,51.64,-111.93,31.88,5.7
516,Cuamba,0,MZ,1536907784,47,-14.8,36.54,77.42,4.36
517,Santa Helena de Goias,32,BR,1536907784,51,-17.81,-50.6,76.25,7.16
518,Rozivka,44,UA,1536907784,35,47.51,38.15,70.31,11.74
519,Dentsville,1,US,1536906900,88,34.06,-80.96,80.06,8.05
520,Dauphin,75,CA,1536904800,93,51.15,-100.04,46.4,4.7
521,Auki,20,NG,1536907785,97,12.18,6.51,70.13,8.61
522,Hervey Bay,0,AU,1536907785,82,-25.3,152.85,71.57,8.39
523,Kirkconnel,75,GB,1536906000,87,55.39,-4.0,55.4,17.22
524,Aborlan,90,PH,1536904800,74,9.44,118.55,84.2,9.17
525,Karatau,0,KZ,1536907786,26,43.18,70.46,60.41,10.18
526,Traverse City,1,US,1536905940,93,44.76,-85.62,62.96,2.35
527,Yablonovo,0,RU,1536904800,68,50.85,37.36,68.0,6.71
528,Kampene,36,CD,1536907787,90,-3.59,26.67,71.3,3.02
529,Nagai,75,JP,1536904800,61,38.14,139.98,80.6,6.93
530,Shugurovo,32,RU,1536907788,64,54.51,52.13,61.76,5.82
531,Byron Bay,0,AU,1536906600,60,-28.65,153.62,71.6,12.75
532,Seoul,75,KR,1536906600,51,37.57,126.98,80.6,9.17
533,Gravdal,40,NO,1536906000,87,59.79,5.78,55.4,11.41
534,Tura,92,IN,1536907574,93,25.52,90.21,80.66,2.35
535,Minas,20,UY,1536907789,94,-34.38,-55.24,50.69,5.14
536,Lucea,20,JM,1536904800,78,18.44,-78.17,82.4,3.36
537,Waingapu,48,ID,1536907790,44,-9.65,120.26,87.95,7.94
538,Araguari,20,BR,1536907790,91,-18.65,-48.19,61.04,8.95
539,Neuquen,0,AR,1536904800,76,-38.95,-68.06,41.0,3.36
540,Eyl,0,SO,1536907790,74,7.98,49.82,80.3,20.24
541,Stepnyak,0,KZ,1536907791,58,52.83,70.79,63.65,21.59
542,Bathsheba,40,BB,1536904800,78,13.22,-59.52,82.4,19.46
543,Kokopo,88,PG,1536907791,100,-4.34,152.27,79.85,3.58
544,Buchanan,75,LR,1536906600,94,5.88,-10.05,73.4,5.37
545,Meridian,1,US,1536904680,90,32.36,-88.7,75.92,6.93
546,Vestmannaeyjar,0,IS,1536906480,93,63.44,-20.27,39.2,10.29
547,Arman,40,RU,1536904800,58,59.7,150.17,59.0,11.18
548,Biri,80,NO,1536907793,76,60.95,10.61,41.6,3.91
549,Penzance,75,GB,1536906000,87,50.12,-5.53,57.2,6.93
550,Madisonville,1,US,1536905700,94,37.33,-87.5,69.98,2.68
551,Yelniki,24,RU,1536907794,63,54.62,43.88,61.67,4.14
552,Anqing,0,CN,1536907794,85,30.51,117.04,84.35,7.61
553,Saint-Augustin,90,FR,1536906600,93,44.83,-0.61,62.6,5.82
554,Bismarck,1,US,1536904320,74,46.81,-100.78,55.04,4.7
555,Champerico,88,MX,1536907795,96,16.38,-93.6,69.23,2.35
556,Kanniyakumari,0,IN,1536907795,97,8.08,77.57,80.21,15.55
557,Atambua,12,ID,1536907796,72,-9.11,124.89,84.89,5.93
558,Kokstad,0,ZA,1536907796,38,-30.55,29.42,51.14,4.36
559,Darhan,0,MN,1536907796,60,49.49,105.92,47.99,6.26
560,Salina,1,US,1536905700,94,36.29,-95.15,75.92,5.82
561,Slave Lake,90,CA,1536904800,84,55.28,-114.77,32.0,4.7
562,Horta,0,ES,1536906600,94,41.43,2.16,69.8,3.47
